"Date","Facebook","YouTube","Instagram","Twitter","Pinterest","LinkedIn","VKontakte","reddit","Tumblr","Other"
2023-05,51.58,32.24,7.79,6.67,1.43,0.12,0.08,0.05,0.03,0
2023-06,63.59,21.98,7.11,6.05,1.03,0.11,0.07,0.04,0.03,0
2023-07,62.54,25.2,6.8,3.86,1.36,0.11,0.06,0.04,0.03,0
2023-08,54.32,35.78,4.99,3.4,1.3,0.11,0.03,0.04,0.02,0
2023-09,46.84,41.98,4.12,5.35,1.43,0.12,0.08,0.06,0.02,0
2023-10,39.92,50.04,3.31,5.23,1.3,0.12,0.01,0.06,0.02,0
2023-11,50.12,41.14,2.67,5.1,0.86,0.07,0.01,0.03,0.01,0
2023-12,52.04,38.72,5.23,3.32,0.6,0.05,0,0.03,0.01,0
2024-01,55.56,35.05,5.23,3.69,0.39,0.05,0,0.01,0.01,0
2024-02,48.82,43.79,5.47,1.51,0.34,0.04,0,0.01,0.02,0
2024-03,49.62,40.79,7.92,1.28,0.32,0.03,0,0.01,0.01,0
2024-04,49.86,40.06,7.77,1.69,0.32,0.04,0.21,0.02,0.01,0.01
2024-05,45.93,44.56,8.13,0.77,0.35,0.05,0.17,0.02,0.01,0
